InvoiceNo,StockCode,Description,Quantity,InvoiceDate,UnitPrice,CustomerID,Country
536365,85123A,WHITE HANGING HEART T-LIGHT HOLDER,6,12/1/2010 8:26,2.55,17850.0,United Kingdom
536365,71053,WHITE METAL LANTERN,6,12/1/2010 8:26,3.39,17850.0,United Kingdom
536365,84406B,CREAM CUPID HEARTS COAT HANGER,8,12/1/2010 8:26,2.75,17850.0,United Kingdom
536365,84029G,KNITTED UNION FLAG HOT WATER BOTTLE,6,12/1/2010 8:26,3.39,17850.0,United Kingdom
536365,84029E,RED WOOLLY HOTTIE WHITE HEART.,6,12/1/2010 8:26,3.39,17850.0,United Kingdom
536365,22752,SET 7 BABUSHKA NESTING BOXES,2,12/1/2010 8:26,7.65,17850.0,United Kingdom
536365,21730,GLASS STAR FROSTED T-LIGHT HOLDER,6,12/1/2010 8:26,4.25,17850.0,United Kingdom
536366,22633,HAND WARMER UNION JACK,6,12/1/2010 8:28,1.85,17850.0,United Kingdom
536366,22632,HAND WARMER RED POLKA DOT,6,12/1/2010 8:28,1.85,17850.0,United Kingdom
536367,84879,ASSORTED COLOUR BIRD ORNAMENT,32,12/1/2010 8:34,1.69,13047.0,United Kingdom
536367,22745,POPPY'S PLAYHOUSE BEDROOM ,6,12/1/2010 8:34,2.1,13047.0,United Kingdom
536367,22748,POPPY'S PLAYHOUSE KITCHEN,6,12/1/2010 8:34,2.1,13047.0,United Kingdom
536367,22749,FELTCRAFT PRINCESS CHARLOTTE DOLL,8,12/1/2010 8:34,3.75,13047.0,United Kingdom
536367,22310,IVORY KNITTED MUG COSY ,6,12/1/2010 8:34,1.65,13047.0,United Kingdom
536367,84969,BOX OF 6 ASSORTED COLOUR TEASPOONS,6,12/1/2010 8:34,4.25,13047.0,United Kingdom
536367,22623,BOX OF VINTAGE JIGSAW BLOCKS ,3,12/1/2010 8:34,4.95,13047.0,United Kingdom
536367,22622,BOX OF VINTAGE ALPHABET BLOCKS,2,12/1/2010 8:34,9.95,13047.0,United Kingdom
536367,21754,HOME BUILDING BLOCK WORD,3,12/1/2010 8:34,5.95,13047.0,United Kingdom
536367,21755,LOVE BUILDING BLOCK WORD,3,12/1/2010 8:34,5.95,13047.0,United Kingdom
536367,21777,RECIPE BOX WITH METAL HEART,4,12/1/2010 8:34,7.95,13047.0,United Kingdom
536367,48187,DOORMAT NEW ENGLAND,4,12/1/2010 8:34,7.95,13047.0,United Kingdom
536368,22960,JAM MAKING SET WITH JARS,6,12/1/2010 8:34,4.25,13047.0,United Kingdom
536368,22913,RED COAT RACK PARIS FASHION,3,12/1/2010 8:34,4.95,13047.0,United Kingdom
536368,22912,YELLOW COAT RACK PARIS FASHION,3,12/1/2010 8:34,4.95,13047.0,United Kingdom
536368,22914,BLUE COAT RACK PARIS FASHION,3,12/1/2010 8:34,4.95,13047.0,United Kingdom
536369,21756,BATH BUILDING BLOCK WORD,3,12/1/2010 8:35,5.95,13047.0,United Kingdom
536371,22086,PAPER CHAIN KIT 50'S CHRISTMAS ,80,12/1/2010 9:00,2.55,13748.0,United Kingdom
536372,22632,HAND WARMER RED POLKA DOT,6,12/1/2010 9:01,1.85,17850.0,United Kingdom
536372,22633,HAND WARMER UNION JACK,6,12/1/2010 9:01,1.85,17850.0,United Kingdom
536373,85123A,WHITE HANGING HEART T-LIGHT HOLDER,6,12/1/2010 9:02,2.55,17850.0,United Kingdom
536373,71053,WHITE METAL LANTERN,6,12/1/2010 9:02,3.39,17850.0,United Kingdom
536373,84406B,CREAM CUPID HEARTS COAT HANGER,8,12/1/2010 9:02,2.75,17850.0,United Kingdom
536373,20679,EDWARDIAN PARASOL RED,6,12/1/2010 9:02,4.95,17850.0,United Kingdom
536370,22728,ALARM CLOCK BAKELIKE PINK,24,12/1/2010 8:45,3.75,12583.0,France
536370,22727,ALARM CLOCK BAKELIKE RED ,24,12/1/2010 8:45,3.75,12583.0,France
536370,22726,ALARM CLOCK BAKELIKE GREEN,12,12/1/2010 8:45,3.75,12583.0,France
536370,21724,PANDA AND BUNNIES STICKER SHEET,12,12/1/2010 8:45,0.85,12583.0,France
536370,21883,STARS GIFT TAPE ,24,12/1/2010 8:45,0.65,12583.0,France
536370,10002,INFLATABLE POLITICAL GLOBE ,48,12/1/2010 8:45,0.85,12583.0,France
536370,21791,VINTAGE HEADS AND TAILS CARD GAME ,24,12/1/2010 8:45,1.25,12583.0,France
536370,21035,SET/2 RED RETROSPOT TEA TOWELS ,18,12/1/2010 8:45,2.95,12583.0,France
536370,22326,ROUND SNACK BOXES SET OF4 WOODLAND ,24,12/1/2010 8:45,2.95,12583.0,France
536370,22629,SPACEBOY LUNCH BOX ,24,12/1/2010 8:45,1.95,12583.0,France
536370,22659,LUNCH BOX I LOVE LONDON,24,12/1/2010 8:45,1.95,12583.0,France
536370,22631,CIRCUS PARADE LUNCH BOX ,24,12/1/2010 8:45,1.95,12583.0,France
536370,22661,CHARLOTTE BAG DOLLY GIRL DESIGN,20,12/1/2010 8:45,0.85,12583.0,France
536370,21731,RED TOADSTOOL LED NIGHT LIGHT,24,12/1/2010 8:45,1.65,12583.0,France
536370,22900, SET 2 TEA TOWELS I LOVE LONDON ,24,12/1/2010 8:45,2.95,12583.0,France
536370,21913,VINTAGE SEASIDE JIGSAW PUZZLES,12,12/1/2010 8:45,3.75,12583.0,France
536370,22540,MINI JIGSAW CIRCUS PARADE ,24,12/1/2010 8:45,0.42,12583.0,France
536370,22544,MINI JIGSAW SPACEBOY,24,12/1/2010 8:45,0.42,12583.0,France
536370,22492,MINI PAINT SET VINTAGE ,36,12/1/2010 8:45,0.65,12583.0,France
536370,POST,POSTAGE,3,12/1/2010 8:45,18.0,12583.0,France
536852,22549,PICTURE DOMINOES,12,12/3/2010 9:51,1.45,12686.0,France
536852,22544,MINI JIGSAW SPACEBOY,24,12/3/2010 9:51,0.42,12686.0,France
536852,22539,MINI JIGSAW DOLLY GIRL,24,12/3/2010 9:51,0.42,12686.0,France
536852,22661,CHARLOTTE BAG DOLLY GIRL DESIGN,10,12/3/2010 9:51,0.85,12686.0,France
536852,21791,VINTAGE HEADS AND TAILS CARD GAME ,12,12/3/2010 9:51,1.25,12686.0,France
536852,21786,POLKADOT RAIN HAT ,24,12/3/2010 9:51,0.42,12686.0,France
536852,POST,POSTAGE,1,12/3/2010 9:51,18.0,12686.0,France
536974,15056BL,EDWARDIAN PARASOL BLACK,9,12/3/2010 13:59,5.95,12682.0,France
536974,15056P,EDWARDIAN PARASOL PINK,3,12/3/2010 13:59,5.95,12682.0,France
536974,20679,EDWARDIAN PARASOL RED,6,12/3/2010 13:59,5.95,12682.0,France
536974,21915,RED  HARMONICA IN BOX ,12,12/3/2010 13:59,1.25,12682.0,France
536974,22659,LUNCH BOX I LOVE LONDON,12,12/3/2010 13:59,1.95,12682.0,France
536974,22352,LUNCH BOX WITH CUTLERY RETROSPOT ,12,12/3/2010 13:59,2.55,12682.0,France
536389,22941,CHRISTMAS LIGHTS 10 REINDEER,6,12/1/2010 10:03,8.5,12431.0,Australia
536389,21622,VINTAGE UNION JACK CUSHION COVER,8,12/1/2010 10:03,4.95,12431.0,Australia
536389,21791,VINTAGE HEADS AND TAILS CARD GAME ,12,12/1/2010 10:03,1.25,12431.0,Australia
536389,35004C,SET OF 3 COLOURED  FLYING DUCKS,6,12/1/2010 10:03,5.45,12431.0,Australia
536389,35004G,SET OF 3 GOLD FLYING DUCKS,4,12/1/2010 10:03,6.35,12431.0,Australia
536389,85014B,RED RETROSPOT UMBRELLA,6,12/1/2010 10:03,5.95,12431.0,Australia
536389,85014A,BLACK/BLUE POLKADOT UMBRELLA,3,12/1/2010 10:03,5.95,12431.0,Australia
536389,22193,RED DINER WALL CLOCK,2,12/1/2010 10:03,8.5,12431.0,Australia
536389,22726,ALARM CLOCK BAKELIKE GREEN,4,12/1/2010 10:03,3.75,12431.0,Australia
536389,22727,ALARM CLOCK BAKELIKE RED ,4,12/1/2010 10:03,3.75,12431.0,Australia
536389,22192,BLUE DINER WALL CLOCK,2,12/1/2010 10:03,8.5,12431.0,Australia
536389,22191,IVORY DINER WALL CLOCK,2,12/1/2010 10:03,8.5,12431.0,Australia
536389,22195,LARGE HEART MEASURING SPOONS,24,12/1/2010 10:03,1.65,12431.0,Australia
536389,22196,SMALL HEART MEASURING SPOONS,24,12/1/2010 10:03,0.85,12431.0,Australia
537676,22567,20 DOLLY PEGS RETROSPOT,24,12/8/2010 9:53,1.25,12386.0,Australia
537676,22915,ASSORTED BOTTLE TOP  MAGNETS ,120,12/8/2010 9:53,0.36,12386.0,Australia
537676,22926,IVORY GIANT GARDEN THERMOMETER,12,12/8/2010 9:53,5.95,12386.0,Australia
537676,22953,BIRTHDAY PARTY CORDON BARRIER TAPE,24,12/8/2010 9:53,1.25,12386.0,Australia
537676,21906,PHARMACIE FIRST AID TIN,4,12/8/2010 9:53,6.75,12386.0,Australia
537676,22495,SET OF 2 ROUND TINS CAMEMBERT ,6,12/8/2010 9:53,2.95,12386.0,Australia
537676,22555,PLASTERS IN TIN STRONGMAN,12,12/8/2010 9:53,1.65,12386.0,Australia
537676,22557,PLASTERS IN TIN VINTAGE PAISLEY ,12,12/8/2010 9:53,1.65,12386.0,Australia
C538723,22333,RETROSPOT PARTY BAG + STICKER SET,-7,12/14/2010 11:12,1.65,12434.0,Australia
C538723,22094,RED RETROSPOT TISSUE BOX,-5,12/14/2010 11:12,1.25,12434.0,Australia
C538723,21217,RED RETROSPOT ROUND CAKE TINS,-1,12/14/2010 11:12,9.95,12434.0,Australia
539419,48138,DOORMAT UNION FLAG,10,12/17/2010 14:10,6.75,12431.0,Australia
539419,79067,CORONA MEXICAN TRAY,50,12/17/2010 14:10,2.95,12431.0,Australia
539419,20725,LUNCH BAG RED RETROSPOT,10,12/17/2010 14:10,1.65,12431.0,Australia
539419,85099B,JUMBO BAG RED RETROSPOT,10,12/17/2010 14:10,1.95,12431.0,Australia
539419,22728,ALARM CLOCK BAKELIKE PINK,4,12/17/2010 14:10,3.75,12431.0,Australia
539419,22196,SMALL HEART MEASURING SPOONS,24,12/17/2010 14:10,0.85,12431.0,Australia
539419,22195,LARGE HEART MEASURING SPOONS,12,12/17/2010 14:10,1.65,12431.0,Australia
539419,22219,LOVEBIRD HANGING DECORATION WHITE ,12,12/17/2010 14:10,0.85,12431.0,Australia
